track_name,artist,streams,danceability,valence,energy,acousticness,instrumentalness,liveness,speechiness
Seven (feat. Latto) (Explicit Ver.),"Latto, Jung Kook",141381703,80,89,83,31,0,8,4
LALA,Myke Towers,133716286,71,61,74,7,0,10,4
vampire,Olivia Rodrigo,140003974,51,32,53,17,0,31,6
Cruel Summer,Taylor Swift,800840817,55,58,72,11,0,11,15
WHERE SHE GOES,Bad Bunny,303236322,65,23,80,14,63,11,6
Sprinter,"Dave, Central Cee",183706234,92,66,58,19,0,8,24
Ella Baila Sola,"Eslabon Armado, Peso Pluma",725980112,67,83,76,48,0,8,3
Columbia,Quevedo,58149378,67,26,71,37,0,11,4
fukumean,Gunna,95217315,85,22,62,12,0,28,9
La Bebe - Remix,"Peso Pluma, Yng Lvcas",553634067,81,56,48,21,0,8,33
Super Shy,NewJeans,58255150,78,52,82,18,0,15,7
Flowers,Miley Cyrus,1316855716,71,65,68,6,0,3,7
Daylight,David Kushner,387570742,51,32,43,83,0,9,3
As It Was,Harry Styles,2513188493,52,66,73,34,0,31,6
Kill Bill,SZA,1163093654,64,43,73,5,17,16,4
Cupid - Twin Ver.,Fifty Fifty,496795686,78,76,59,43,0,34,3
Like Crazy,Jimin,363369738,63,36,73,0,0,36,4
LADY GAGA,"Gabito Ballesteros, Junior H, Peso Pluma",86444842,65,87,74,22,0,42,4
I Wanna Be Yours,Arctic Monkeys,1297026226,48,44,42,12,2,11,3
SABOR FRESA,Fuerza Regida,78300654,79,96,86,9,0,9,9
MOJABI GHOST,"Tainy, Bad Bunny",61245289,81,74,71,14,0,56,4
Last Night,Morgan Wallen,429829812,52,52,68,46,0,15,4
Dance The Night (From Barbie The Album),Dua Lipa,127408954,67,78,85,2,0,33,5
Rush,Troye Sivan,22581161,74,35,84,0,0,11,6
TULUM,"Peso Pluma, Grupo Frontera",52294266,56,63,87,39,0,11,5
Anti-Hero,Taylor Swift,999748277,64,51,63,12,0,19,5
TQG,"Karol G, Shakira",618990393,72,61,63,67,0,9,28
Los del Espacio,"Big One, Duki, Lit Killah, Maria Becerra, FMK, Rusherking, Emilia, Tiago pzk",123122413,81,63,68,11,0,11,4
Blank Space,Taylor Swift,1355959075,75,57,68,9,0,13,6
Style,Taylor Swift,786181836,60,48,79,0,0,12,4
TQM,Fuerza Regida,176553476,79,96,85,27,0,11,6
El Azul,"Junior H, Peso Pluma",354495408,56,84,65,23,0,10,6
I'm Good (Blue),"Bebe Rexha, David Guetta",1109433169,56,38,97,4,0,35,4
See You Again,"Tyler, The Creator, Kali Uchis",1047101291,56,58,56,37,0,11,10
Angels Like You,Miley Cyrus,570515054,67,49,64,10,0,10,3
I Ain't Worried,OneRepublic,1085685420,71,82,81,11,0,6,5
Die For You,The Weeknd,1647990401,59,51,52,9,0,15,7
Starboy,"The Weeknd, Daft Punk",2565529693,68,49,59,16,0,13,28
Die For You - Remix,"Ariana Grande, The Weeknd",518745108,53,50,53,23,0,44,7
El Cielo,"Feid, Myke Towers, Sky Rompiendo",107753850,72,17,64,7,0,10,5
Baby Don't Hurt Me,"David Guetta, Anne-Marie, Coi Leray",177740666,60,23,91,0,0,12,3
AMARGURA,Karol G,153372011,92,55,70,18,0,15,7
(It Goes Like) Nanana - Edit,Peggy Gou,57876440,67,96,88,12,19,8,4
Another Love,Tom Odell,1813673666,45,13,54,70,0,9,4
Blinding Lights,The Weeknd,3703895074,50,38,80,0,0,9,7
Moonlight,Kali Uchis,256483385,64,88,72,51,0,17,5
La Bachata,Manuel Turizo,1214083358,84,85,68,58,0,22,4
cardigan,Taylor Swift,812019557,61,53,58,55,0,27,4
Left and Right (Feat. Jung Kook of BTS),"Charlie Puth, BTS, Jung Kook",720434240,88,72,59,62,0,9,3
Hey Mor,"Ozuna, Feid",674072710,90,40,59,0,0,10,29
Yellow,Chris Molitor,1755214421,43,28,66,0,0,23,3
Karma,Taylor Swift,404562836,64,10,62,7,0,48,7
People,Libianca,373199958,59,71,42,55,0,10,7
Overdrive,Post Malone,14780425,56,48,73,0,0,35,4
Enchanted (Taylor's Version),Taylor Swift,39578178,51,22,53,1,0,15,3
BABY HELLO,"Rauw Alejandro, Bizarrap",54266102,77,84,89,17,0,43,5
Heat Waves,Glass Animals,2557975762,76,53,53,44,0,9,9
golden hour,JVKE,751134527,51,14,59,65,18,25,3
Sweater Weather,The Neighbourhood,2282771485,61,41,81,5,2,10,3
Viva La Vida,Coldplay,1592909789,49,42,62,9,0,11,3
Unholy (feat. Kim Petras),"Sam Smith, Kim Petras",1230675890,71,24,47,1,0,27,9
Riptide,Vance Joy,2009094673,48,50,73,43,0,15,4
Until I Found You (with Em Beihold) - Em Beihold Version,"Em Beihold, Stephen Sanchez",600976848,34,32,57,78,0,20,3
Back To December (Taylor's Version),Taylor Swift,39228929,50,20,64,1,0,12,3
STAY (with Justin Bieber),"Justin Bieber, The Kid Laroi",2665343922,59,48,76,4,0,10,5
El Merengue,"Marshmello, Manuel Turizo",223633238,78,70,68,3,1,11,4
Someone You Loved,Lewis Capaldi,2887241814,50,45,41,75,0,11,3
Me Porto Bonito,"Chencho Corleone, Bad Bunny",1440757818,91,43,71,9,0,9,8
Makeba,Jain,165484133,82,40,66,39,51,25,7
MONTAGEM - FR PUNK,"Ayparia, unxbected",58054811,63,84,82,70,8,9,7
Fast Car,Luke Combs,157058870,71,67,60,19,0,12,3
What It Is (Solo Version),Doechii,95131998,74,76,76,6,0,10,9
Coco Chanel,"Bad Bunny, Eladio Carrion",250305248,68,14,76,4,0,10,4
Still With You,Jung Kook,38411956,53,34,47,9,0,83,4
All My Life (feat. J. Cole),"J. Cole, Lil Durk",144565150,83,69,44,15,0,10,33
Say Yes To Heaven,Lana Del Rey,127567540,49,17,35,71,9,11,3
Snooze,SZA,399686758,56,39,55,14,0,11,13
Summertime Sadness,Lana Del Rey,983637508,56,24,66,7,0,12,3
Take Two,BTS,118482347,62,57,59,3,0,38,3
Lover,Taylor Swift,882831184,43,50,55,50,0,15,10
Too Many Nights (feat. Don Toliver & with Future),"Future, Metro Boomin, Don Toliver",286400165,68,17,71,15,0,11,5
Chemical,Post Malone,172825906,50,37,90,0,0,12,5
Mockingbird,Eminem,1241559043,62,24,67,21,0,13,28
New Jeans,NewJeans,29562220,81,53,72,51,0,12,5
Primera Cita,Carin Leon,77309611,54,50,40,61,0,10,6
Cold Heart - PNAU Remix,"Dua Lipa, Elton John, Pnau",1605224506,80,92,80,4,0,10,3
Dandelions,Ruth B.,1116995633,61,45,69,2,0,9,3
Bones,Imagine Dragons,838079900,77,65,72,2,0,7,5
Set Fire to the Rain,Adele,1163620694,61,47,68,0,0,13,3
Money Trees,"Kendrick Lamar, Jay Rock",1093605526,74,37,53,7,0,21,10
Tak Segampang Itu,Anggi Marito,179659294,51,18,44,76,0,11,3
Mine (Taylor's Version),Taylor Swift,36912123,65,49,78,0,0,17,4
Everybody Wants To Rule The World,Tears For Fears,1205951614,64,54,81,36,0,11,6
No Role Modelz,J. Cole,1791000570,70,47,52,30,0,6,33
Tattoo,Loreen,201660859,55,30,78,24,0,12,8
Rara Vez,"Taiu, Milo j",248088961,84,96,71,18,0,34,17
august,Taylor Swift,607123776,51,42,61,53,0,9,3
LUNA,"Junior H, Peso Pluma",55842345,75,79,63,33,0,15,4
Miracle (with Ellie Goulding),"Calvin Harris, Ellie Goulding",211050784,64,31,87,4,4,8,4
Nonsense,Sabrina Carpenter,342897938,74,68,68,3,0,26,4
Que Vuelvas,"Carin Leon, Grupo Frontera",2762,49,78,64,19,0,11,4
Por las Noches,Peso Pluma,330346424,81,39,60,31,0,7,3
Can't Hold Us (feat. Ray Dalton),"Ray Dalton, Ryan Lewis, Macklemore",1953533826,63,88,93,3,0,10,8
Watermelon Sugar,Harry Styles,2322580122,55,56,82,12,0,34,5
lovely - Bonus Track,"Billie Eilish, Khalid",2355719893,35,12,30,93,0,10,3
Queencard,(G)I-DLE,96273746,82,69,83,3,0,27,5
OMG,NewJeans,430977451,80,74,77,36,0,11,4
Radio,Lana Del Rey,284819874,42,20,86,21,0,9,9
Trance (with Travis Scott & Young Thug),"Travis Scott, Young Thug, Metro Boomin",276259178,75,48,53,18,0,18,34
Perfect,Ed Sheeran,2559529074,60,17,45,16,0,11,2
Believer,Imagine Dragons,2594040133,77,74,78,4,0,23,11
Without Me,Eminem,1687664027,92,67,66,0,0,36,9
QUEMA,"Sog, Ryan Castro, Peso Pluma",11599388,79,92,89,5,0,6,5
Stargirl Interlude,"The Weeknd, Lana Del Rey",611700552,59,52,48,38,5,10,11
Somewhere Only We Know,Keane,1089402494,45,33,59,6,0,8,3
Those Eyes,New West,411747614,60,24,35,73,0,31,3
El Gordo Trae El Mando,Chino Pacas,255932395,74,96,80,18,0,5,5
Mi Bello Angel,Natanael Cano,31873544,81,90,77,1,0,9,5
Bye,Peso Pluma,95053634,78,70,81,57,0,10,5
Danza Kuduro,"Don Omar, Lucenzo",1279434863,47,86,92,8,0,5,24
Nosso Quadro,"Ana Castela, AgroPlay",233801632,69,61,71,33,0,31,20
Locked Out Of Heaven,Bruno Mars,1481349984,73,87,70,6,0,28,5
Counting Stars,OneRepublic,2011464183,66,48,71,6,0,12,4
Ghost,Justin Bieber,1167330737,61,41,74,21,0,40,6
Under The Influence,Chris Brown,929964809,73,31,69,6,0,11,4
PRC,"Natanael Cano, Peso Pluma",436027885,78,89,83,10,0,12,5
Gasolina,Daddy Yankee,657723613,86,74,80,33,0,8,6
One Dance,"Drake, WizKid, Kyla",2713922350,77,36,63,1,0,36,5
Enchanted,Taylor Swift,621660989,45,24,62,8,0,16,3
Save Your Tears,The Weeknd,1591223784,68,61,82,2,0,50,3
Sure Thing,Miguel,950906471,68,51,60,3,0,19,10
The Night We Met,Lord Huron,1410088830,45,10,37,97,25,64,4
We Found Love,"Rihanna, Calvin Harris",1235005533,73,60,77,3,0,11,4
When I Was Your Man,Bruno Mars,1661187319,60,43,27,94,0,14,4
Let Me Down Slowly,Alec Benjamin,1374581173,65,51,55,73,0,14,3
"Am I Dreaming (Metro Boomin & A$AP Rocky, Roisee)","A$AP Rocky, Metro Boomin, Roisee",94186466,60,13,53,4,0,21,4
Demons,Imagine Dragons,1840364617,33,38,71,20,0,28,5
Reminder,The Weeknd,684675814,71,40,50,16,0,16,22
Shake It Off,Taylor Swift,1113838873,65,95,80,5,0,41,16
SNAP,Rosa Linn,726307468,56,53,64,11,0,45,6
Shape of You,Ed Sheeran,3562543890,83,93,65,58,0,9,8
Night Changes,One Direction,1131090940,67,40,52,86,0,12,4
Fin de Semana,"Oscar Maydon, Junior H",307370144,70,37,54,6,0,9,8
Creep,Radiohead,1271293243,53,12,34,1,0,12,4
Car's Outside,James Arthur,265882712,34,24,56,4,0,11,3
Apocalypse,Cigarettes After Sex,841749534,37,17,47,2,46,11,3
Cheques,Shubh,47956378,74,36,63,26,0,27,5
Circles,Post Malone,2132335812,70,59,75,24,0,9,4
Just The Way You Are,Bruno Mars,1641426668,63,46,85,1,0,9,5
Take Me To Church,Hozier,2135158446,57,41,66,63,0,12,5
Bebe Dame,"Fuerza Regida, Grupo Frontera",367316268,54,75,60,30,0,7,5
Better Than Revenge (Taylor's Version),Taylor Swift,30343206,50,67,89,0,0,19,8
Shut up My Moms Calling,Hotel Ugly,405136812,48,37,41,32,0,10,10
Es un Secreto,Plan B,540654286,84,52,77,12,0,7,4
POLARIS - Remix,"Feid, Mora, Saiko, Quevedo",57312735,62,55,80,15,0,37,7
Ditto,NewJeans,397582059,81,18,64,3,0,10,11
Take On Me,a-ha,1479115056,57,86,90,2,0,9,5
AMG,"Natanael Cano, Gabito Ballesteros, Peso Pluma",463564958,77,79,73,15,0,27,10
S-Class,Stray Kids,65496046,89,67,78,9,0,7,33
Hits Different,Taylor Swift,68616963,67,24,78,15,0,30,4
Chanel,"Becky G, Peso Pluma",161460990,85,53,68,40,0,9,4
Area Codes,"Kaliii, Kaliii",113509496,82,51,39,2,0,9,49
Obsessed,"Abhijay Sharma, Riar Saab",71007139,80,85,74,62,0,8,9
FLOWER,JISOO,232896922,84,64,39,3,0,11,4
Eyes Closed,Ed Sheeran,195576623,78,39,53,30,0,11,6
La Jumpa,"Arcangel, Bad Bunny",538115192,71,58,70,30,0,32,19
Karma (feat. Ice Spice),"Taylor Swift, Ice Spice",46142772,62,7,62,6,0,58,6
Las Morras,"BLESSD, Peso Pluma",127026613,78,90,84,31,0,7,4
CHORRITO PA LAS ANIMAS,Feid,345031710,74,61,83,11,0,35,6
Ch y la Pizza,"Fuerza Regida, Natanael Cano",288101651,66,85,60,40,0,14,13
Snow On The Beach (feat. More Lana Del Rey),"Lana Del Rey, Taylor Swift",60350538,66,32,40,81,0,11,3
Players,Coi Leray,335074782,95,62,52,3,0,5,16
Bite Me,ENHYPEN,76767396,80,69,78,28,0,11,14
Stand By Me (feat. Morgan Wallen),"Lil Durk, Morgan Wallen",46065667,76,61,58,6,0,16,3
Normal,Feid,459276435,71,59,56,4,0,27,12
Hummingbird (Metro Boomin & James Blake),"James Blake, Metro Boomin",39666245,59,26,60,46,1,25,13
Seu Brilho Sumiu - Ao Vivo,"Israel & Rodolffo, Mari Fernandez",138517666,63,75,92,31,0,91,5
Bad Habit,Steve Lacy,822633917,69,69,51,63,0,38,4
Lilith (feat. SUGA of BTS) (Diablo IV Anthem),"Halsey, Suga",51985779,43,14,74,1,0,19,8
Search & Rescue,Drake,175097833,82,54,44,6,0,33,7
Lavender Haze,Taylor Swift,488386797,73,10,44,26,0,16,8
Efecto,Bad Bunny,1047480053,80,23,48,14,0,6,5
Erro Gostoso - Ao Vivo,Simone Mendes,153454328,59,63,89,18,0,80,9
Cupido,Tini,217672943,91,63,58,52,0,31,22
Just Wanna Rock,Lil Uzi Vert,457184829,49,4,55,7,0,6,3
Unstoppable,Sia,939844851,47,27,78,11,0,10,8
Until I Found You,Stephen Sanchez,726434358,34,25,51,69,0,18,4
Easy On Me,Adele,1406111294,60,13,37,58,0,13,3
Danger (Spider) (Offset & JID),"Offset, JID",24975653,83,25,69,4,0,23,12
The Real Slim Shady,Eminem,1424589568,95,78,66,3,0,4,6
MERCHO,"Migrantes, LiL CaKe, Nico Valdi",231332117,84,96,79,43,0,18,11
The Color Violet,Tory Lanez,415932686,65,46,53,16,0,9,5
Glimpse of Us,Joji,988515741,44,27,32,89,0,14,5
Mejor Que Yo,"Mambo Kingz, DJ Luian, Anuel Aa",50847624,62,56,66,18,0,12,5
Curtains,Ed Sheeran,39893489,50,44,76,10,0,32,5
UNFORGIVEN (feat. Nile Rodgers),"Nile Rodgers, LE SSERAFIM",92035115,80,38,88,11,0,11,5
Haegeum,Agust D,118810253,70,83,84,31,0,47,30
MIENTRAS ME CURO DEL CORA,Karol G,206399629,52,57,48,86,0,15,39
Never Felt So Alone,Labrinth,117747907,44,36,41,50,0,38,5
X SI VOLVEMOS,"Karol G, Romeo Santos",266624541,79,58,78,34,0,11,25
ceilings,Lizzy McAlpine,293186992,51,27,33,48,0,22,3
Cupid,Fifty Fifty,139681964,77,94,66,65,0,38,3
I AM,IVE,123132751,68,38,88,1,0,8,5
Shorty Party,"Cartel De Santa, La Kelly",162887075,93,47,47,33,0,10,36
Super,SEVENTEEN,91221625,77,35,88,16,0,17,9
Slut Me Out,NLE Choppa,190490915,94,71,61,12,0,53,42
Double Fantasy (with Future),"The Weeknd, Future",96180277,60,10,57,1,0,50,3
All Of The Girls You Loved Before,Taylor Swift,185240616,72,40,47,71,0,13,4
PROVENZA,Karol G,885093467,87,53,52,66,1,11,5
Princess Diana (with Nicki Minaj),"Nicki Minaj, Ice Spice",104992946,90,74,68,14,0,10,19
Di Que Si,"Grupo Marca Registrada, Grupo Frontera",147290338,57,80,59,8,0,6,5
Shivers,Ed Sheeran,1302184087,79,82,86,28,0,4,9
Komang,Raim Laode,137123880,70,35,41,41,0,10,3
Made You Look,Meghan Trainor,502574952,84,88,53,35,0,8,7
Watch This - ARIZONATEARS Pluggnb Remix,"sped up nightcore, ARIZONATEARS, Lil Uzi Vert",207033255,69,36,90,1,10,15,4
No Se Va,Grupo Frontera,404887295,59,69,53,12,0,23,3
Punto G,Quevedo,381161027,75,55,76,25,0,10,15
Lovers Rock,TV Girl,466231982,56,57,87,0,1,10,4
METAMORPHOSIS,INTERWORLD,357580552,59,15,64,43,90,12,10
Mami Chula,"Quevedo, Jhayco",61105704,80,33,70,22,0,9,4
En Paris,"El Chachito, Junior H",198275403,70,77,48,37,0,12,5
I Was Never There,"The Weeknd, Gesaffelstein",705469769,32,17,74,14,0,17,3
Don't ever say love me (feat. RM of BTS),"RM, Colde",34502215,54,19,48,36,0,37,5
Shut Down,BLACKPINK,482175240,82,67,69,0,0,18,4
Gato de Noche,"Nengo Flow, Bad Bunny",304118600,89,61,66,17,0,36,16
Call Out My Name,The Weeknd,1449799467,45,17,60,21,0,33,4
Like Crazy (English Version),Jimin,173627354,62,32,76,0,0,39,4
Sunroof,"Nicky Youre, Dazy",652704649,77,84,71,35,0,15,4
Lose Yourself - Soundtrack Version,Eminem,1829992958,70,6,73,1,0,36,26
Superman,"Eminem, Dina Rae",655466831,80,64,76,2,0,20,6
Mas Rica Que Ayer,"Mambo Kingz, DJ Luian, Anuel Aa",146409671,82,53,67,34,0,9,8
REMIX EXCLUSIVO,Feid,117206995,65,71,56,4,0,15,20
DOGTOOTH,"Tyler, The Creator",80758350,71,80,65,51,0,22,32
SORRY NOT SORRY,"Tyler, The Creator",58473276,48,50,80,40,0,37,20
HAPPY,NF,52722996,73,22,86,31,0,12,4
La Bebe,Yng Lvcas,191945597,78,75,46,62,0,12,35
Late Night Talking,Harry Styles,743693613,71,90,73,30,0,11,5
Save Your Tears (with Ariana Grande) (Remix),"Ariana Grande, The Weeknd",1221813483,65,63,79,3,0,10,3
Something in the Orange,Zach Bryan,449701773,59,22,38,42,0,12,3
VOID,Melanie Martinez,67070410,72,42,66,18,4,19,4
Dijeron Que No La Iba Lograr,"Fuerza Regida, Chino Pacas",116334601,70,76,79,26,0,11,7
Midnight Rain,Taylor Swift,433356509,64,18,37,72,0,12,7
If We Ever Broke Up,Mae Stephens,165584767,90,96,73,62,0,9,4
You Proof,Morgan Wallen,367814306,73,64,85,25,0,61,3
LA INOCENTE,"Feid, Mora",477033549,76,46,79,31,0,7,6
Malas Decisiones,Kenia OS,156214700,81,64,79,5,0,31,3
Murder In My Mind,Kordhell,448843705,71,57,97,1,0,13,11
Gangsta's Paradise,"Coolio, L.V.",1357608774,63,40,61,9,0,56,6
CAIRO,"Karol G, Ovy On The Drums",294352144,95,43,69,47,0,9,31
I Love You So,The Walters,972164968,58,46,67,65,0,13,4
Dark Red,Steve Lacy,920045682,60,77,78,45,0,12,6
Say You Won't Let Go,James Arthur,2420461338,40,45,56,69,0,9,5
The Hills,The Weeknd,1947371785,36,12,57,9,0,14,8
Heart To Heart,Mac DeMarco,244658767,90,64,14,67,35,11,10
Peaches (from The Super Mario Bros. Movie),Jack Black,68216992,71,41,31,79,0,10,5
Marisola - Remix,"Duki, NICKI NICOLE, Cris Mj, Standly, Stars Music Chile",223582566,77,72,87,17,0,7,5
LOKERA,"Brray, Rauw Alejandro, Lyanno",471819764,83,58,83,21,0,10,5
Low,SZA,272377463,70,34,55,43,0,16,6
Numb,Linkin Park,1361425037,50,24,86,0,0,64,4
Tormenta (feat. Bad Bunny),"Gorillaz, Bad Bunny",149778242,64,30,77,46,0,38,6
on the street (with J. Cole),"j-hope, J. Cole",116599790,68,81,82,53,0,9,13
One Thing At A Time,Morgan Wallen,148469433,61,92,91,0,0,26,3
Miss You,"Robin Schulz, Oliver Tree",497225336,59,20,74,1,0,15,5
Private Landing (feat. Justin Bieber & Future),"Don Toliver, Future, Justin Bieber",105062254,84,44,67,8,0,11,6
Everything I Love,Morgan Wallen,95623148,56,72,85,0,0,15,3
Heaven,Niall Horan,144584800,57,68,76,7,0,33,3
LET GO,Central Cee,298063749,74,51,45,86,0,21,38
Sial,Mahalini,166570053,56,20,43,89,0,12,4
I Wrote The Book,Morgan Wallen,83021468,68,83,81,9,0,8,4
Man Made A Bar (feat. Eric Church),"Morgan Wallen, Eric Church",58890931,50,49,76,12,0,12,3
Red Ruby Da Sleeze,Nicki Minaj,81419389,70,29,73,12,0,11,26
Nobody Gets Me,SZA,284908316,36,28,28,81,0,18,3
Hype Boy,NewJeans,363472647,59,78,94,27,0,29,23
Bloody Mary,Lady Gaga,372476382,59,49,65,2,0,13,3
WANDA,Quevedo,175399345,72,96,63,25,0,21,7
Thought You Should Know,Morgan Wallen,203221468,53,51,70,49,0,14,3
In The End,Linkin Park,1624165576,55,40,90,1,0,32,6
Zona De Perigo,Leo Santana,134294498,81,97,77,75,0,35,3
Lovezinho,Treyce,70069745,82,61,59,30,0,12,4
I Like You (A Happier Song) (with Doja Cat),"Post Malone, Doja Cat",609293408,74,43,69,12,0,12,7
Neverita,Bad Bunny,671365962,88,43,50,7,0,14,5
Vista Al Mar,Quevedo,362361576,76,49,56,80,12,10,13
Enemy (with JID) - from the series Arcane League of Legends,"Imagine Dragons, League of Legends, JID, Arcane",1223481149,72,59,76,24,0,42,28
Revenge,XXXTENTACION,1022258230,75,18,25,78,0,11,26
Bombonzinho - Ao Vivo,"Israel & Rodolffo, Ana Castela",263453310,65,72,95,31,0,92,5
Love Again,The Kid Laroi,147538971,66,47,40,72,0,11,3
After Hours,The Weeknd,698086140,66,16,57,10,1,12,3
About Damn Time,Lizzo,723894473,84,72,74,10,0,34,7
Born With A Beer In My Hand,Morgan Wallen,34450974,53,61,81,5,0,36,4
Maan Meri Jaan,King,319566866,70,40,51,35,0,10,4
Moscow Mule,Bad Bunny,909001996,80,29,67,29,0,12,3
My Universe,"Coldplay, BTS",1061966512,58,42,68,1,0,14,4
I'm Not Here To Make Friends,"Sam Smith, Calvin Harris, Jessie Reyez",103787664,70,84,90,17,0,41,6
ANTIFRAGILE,LE SSERAFIM,301051721,88,82,80,8,0,11,8
Boy's a liar,PinkPantheress,156338624,66,74,84,25,0,21,4
VIBE (feat. Jimin of BTS),"TAEYANG, Jimin",152850295,79,60,68,7,0,26,4
Shirt,SZA,309653982,82,55,45,15,3,9,10
STAR WALKIN' (League of Legends Worlds Anthem),Lil Nas X,332506354,64,31,72,15,0,9,5
"Sex, Drugs, Etc.",Beach Weather,480507035,57,47,84,1,1,52,4
Boy With Luv (feat. Halsey),"Halsey, BTS",1065580332,65,80,86,9,0,19,10
Jhoome Jo Pathaan,"Arijit Singh, Vishal Dadlani, Sukriti Kakar, Vishal-Shekhar, Shekhar Ravjiani, Kumaar",1365184,82,62,74,10,0,33,7
Space Song,Beach House,789753877,51,62,79,22,13,14,3
Te Felicito,"Shakira, Rauw Alejandro",606361689,70,57,64,23,0,8,32
TV,Billie Eilish,338564981,41,9,25,84,1,14,4
I'm Not The Only One,Sam Smith,1606986953,68,50,49,56,0,8,4
Heather,Conan Gray,1301799902,47,25,43,62,0,32,3
One Kiss (with Dua Lipa),"Calvin Harris, Dua Lipa",1897517891,79,59,86,4,0,8,11
Sugar Rush Ride,TOMORROW X TOGETHER,107642809,71,83,89,1,0,17,9
Pink Venom,BLACKPINK,551305895,80,71,69,2,0,27,10
WAIT FOR U (feat. Drake & Tems),"Drake, Future, Tems",556585270,46,34,64,31,0,7,34
Don't Start Now,Dua Lipa,2303033973,79,68,79,1,0,10,8
After Dark,Mr.Kitty,646886885,58,4,60,7,41,8,3
Eu Gosto Assim - Ao Vivo,"Gustavo Mioto, Mari Fernandez",222612678,64,61,91,15,0,72,4
INDUSTRY BABY (feat. Jack Harlow),"Jack Harlow, Lil Nas X",1814349763,74,89,70,2,0,5,6
Atlantis,Seafret,571386359,40,23,48,5,0,12,3
Evoque Prata,"DJ Escobar, MC MENOR SG, MC MENOR HR",174006928,87,52,52,31,0,28,24
How Do I Say Goodbye,Dean Lewis,284785823,40,39,64,21,0,7,7
Blind,SZA,163284000,46,60,28,91,0,21,4
Die For You,Joji,246390068,47,15,52,38,13,29,5
Doja,Central Cee,482257456,91,97,57,38,0,40,29
Gatita,Bellakath,168684524,90,76,81,15,24,33,6
Rumble,"Skrillex, Flowdan, Fred again..",78489819,81,6,84,5,23,6,6
Yonaguni,Bad Bunny,1260594497,64,44,65,28,0,14,12
Super Freaky Girl,Nicki Minaj,428685680,95,91,89,6,0,31,24
Running Up That Hill (A Deal With God),Kate Bush,1024858327,63,20,55,72,0,6,6
Dream On,Aerosmith,838586769,39,24,43,39,0,23,3
Limbo,Freddie Dredd,199386237,80,46,62,3,6,11,46
Where Are You Now,"Lost Frequencies, Calum Scott",972509632,67,26,64,52,0,17,10
WORTH NOTHING,"Twisted, Oliver Tree",213438580,58,17,62,18,0,20,8
Bad Habits,Ed Sheeran,1555511105,81,59,90,5,0,36,3
KICK BACK,Kenshi Yonezu,210038833,58,29,94,0,0,9,11
Good Days,SZA,826623384,46,53,78,23,0,72,6
Levitating (feat. DaBaby),"Dua Lipa, DaBaby",1802514301,70,92,83,1,0,7,6
Woman,Doja Cat,1329090101,82,88,76,9,0,12,9
Shut up My Moms Calling - (Sped Up),Hotel Ugly,181831132,65,36,47,31,0,12,10
Ferrari,"James Hype, Miggy Dela Rosa",462791599,84,70,69,1,0,5,5
"You're On Your Own, Kid",Taylor Swift,348647203,69,40,39,41,0,13,6
All I Want for Christmas Is You,Mariah Carey,1449779435,34,33,63,16,0,7,4
Rockin' Around The Christmas Tree,Brenda Lee,769213520,70,85,41,71,0,45,5
Jingle Bell Rock,Bobby Helms,741301563,74,78,37,84,0,6,3
Santa Tell Me,Ariana Grande,834129063,46,53,63,5,0,30,18
It's the Most Wonderful Time of the Year,Andy Williams,663832097,24,76,60,77,0,12,4
Snowman,Sia,690104769,72,33,51,48,0,9,3
Underneath the Tree,Kelly Clarkson,485285717,51,69,81,0,0,21,5
Mistletoe,Justin Bieber,629173063,67,88,54,51,0,9,4
Sleigh Ride,The Ronettes,404664135,53,84,77,40,0,32,3
Seek & Destroy,SZA,98709329,65,35,65,44,18,21,7
Love Language,SZA,110849052,71,55,26,85,0,13,8
Happy Xmas (War Is Over),"John Lennon, The Harlem Community Choir, The Plastic Ono Band, Yoko Ono",460492795,33,39,61,32,0,77,3
Used (feat. Don Toliver),"SZA, Don Toliver",94005786,73,71,69,53,0,32,9
A Holly Jolly Christmas - Single Version,Burl Ives,395591396,67,81,36,64,0,15,3
Ghost in the Machine (feat. Phoebe Bridgers),"SZA, Phoebe Bridgers",110073250,62,59,43,84,3,11,5
Special,SZA,88092256,60,19,20,78,0,11,5
Merry Christmas Everyone,Shakin' Stevens,351636786,72,91,87,14,0,13,3
SOS,SZA,73981293,51,51,66,67,0,9,23
Open Arms (feat. Travis Scott),"SZA, Travis Scott",155653938,67,22,59,76,1,15,16
White Christmas,"Bing Crosby, John Scott Trotter & His Orchestra, Ken Darby Singers",395591396,23,19,25,91,0,40,3
Christmas (Baby Please Come Home),Darlene Love,242767149,34,35,76,39,0,8,5
Gone Girl,SZA,65362788,43,42,44,57,0,15,6
Notice Me,SZA,62019074,72,78,68,28,0,11,12
Merry Christmas,"Ed Sheeran, Elton John",135723538,59,60,94,24,0,10,4
It's Beginning to Look a Lot Like Christmas (with Mitchell Ayres & His Orchestra),"Perry Como, The Fontane Sisters, Mitchell Ayres & His Orchestra",295998468,73,72,32,77,0,15,5
My Only Wish (This Year),Britney Spears,261116938,67,69,72,17,0,19,3
Antidepresan,"Mabel Matiz, Mert Demir",136689549,70,92,59,3,0,10,3
Wild Flower (with youjeen),RM,135611421,49,42,77,3,0,12,9
I Hate U,SZA,356709897,54,41,39,51,0,11,16
Smoking on my Ex Pack,SZA,57144458,47,33,68,24,0,22,38
Conceited,SZA,56870689,79,77,46,5,0,11,7
Snow On The Beach (feat. Lana Del Rey),"Taylor Swift, Lana Del Rey",323437194,66,19,32,69,0,12,4
Maroon,Taylor Swift,317726339,64,4,40,6,0,10,6
Bejeweled,Taylor Swift,328207708,70,39,56,6,0,9,7
Tarot,"Bad Bunny, Jhay Cortez",608228647,80,42,68,2,0,66,4
You Make It Feel Like Christmas (feat. Blake Shelton),"Gwen Stefani, Blake Shelton",180577478,63,93,88,1,0,12,4
Desesperados,"Chencho Corleone, Rauw Alejandro",809306935,87,51,69,36,0,9,8
Too Late,SZA,49262961,45,35,68,78,0,39,8
Party,"Bad Bunny, Rauw Alejandro",614555082,83,47,80,2,0,24,9
Run Rudolph Run - Single Version,Chuck Berry,245350949,69,94,71,79,0,7,8
Far,SZA,51641685,61,48,55,67,0,16,8
On Time (with John Legend),"John Legend, Metro Boomin",78139948,33,51,59,76,0,44,6
Sacrifice,The Weeknd,326792833,70,91,79,3,0,7,10
Fingers Crossed,"Lauren Spencer Smith, Lauren Spencer Smith, Lauren Spencer Smith",349585590,60,45,47,62,0,31,5
Out of Time,The Weeknd,339659802,65,82,74,27,0,32,5
Do It To It,"Cherish, ACRAZE",674772936,85,64,81,2,5,7,9
We Don't Talk About Bruno,"Adassa, Mauro Castillo, Stephanie Beatriz, Encanto - Cast, Rhenzy Feliz, Diane Guerrero, Carolina Gaitan",432719968,58,83,45,36,0,11,8
Pepas,Farruko,1309887447,76,44,77,1,0,13,3
Gasoline,The Weeknd,116903579,74,35,73,0,0,21,5
Infinity,Jaymes Young,888046992,67,50,67,15,0,30,4
Less Than Zero,The Weeknd,200660871,53,50,79,0,0,8,3
Take My Breath,The Weeknd,130655803,70,35,77,1,0,26,4
Best Friends,The Weeknd,101114984,49,49,59,44,0,35,21
Kiss Me More (feat. SZA),"SZA, Doja Cat",1575467011,77,74,66,30,0,13,3
I Heard You're Married (feat. Lil Wayne),"The Weeknd, Lil Wayne",91656026,75,85,84,10,0,31,19
Need To Know,Doja Cat,1042568408,66,19,61,30,0,9,7
MONTERO (Call Me By Your Name),Lil Nas X,1735441776,61,76,51,30,0,38,15
love nwantiti (ah ah ah),Ckay,726837877,74,53,73,61,0,13,4
Dawn FM,The Weeknd,53933526,27,10,49,62,0,49,5
Surface Pressure,Jessica Darrow,267758538,65,37,58,2,0,4,31
Starry Eyes,The Weeknd,74601456,28,13,41,50,0,19,3
THATS WHAT I WANT,Lil Nas X,920797189,74,55,85,1,0,5,22
One Right Now (with The Weeknd),"The Weeknd, Post Malone",539595276,68,72,78,4,0,7,5
Mon Amour - Remix,"Aitana, zzoilo",578207856,75,36,76,12,0,10,10
MONEY,Lisa,863625566,83,40,55,16,0,14,23
Happier Than Ever,Billie Eilish,1056760045,31,31,24,76,0,14,4
Moth To A Flame (with The Weeknd),"The Weeknd, Swedish House Mafia",611994237,56,16,67,0,0,11,4
traitor,"Juan Cruz Toledo, Huilen Toledo",1230855859,29,12,33,68,0,12,5
Toxic,BoyWithUke,582981380,59,69,61,84,0,46,36
drivers license,Olivia Rodrigo,1858144199,59,21,43,76,0,10,7
Oh My God,Adele,466214729,53,55,73,9,0,3,5
A Tale By Quincy,The Weeknd,41924466,46,55,50,71,0,10,11
I AM WOMAN,Emmy Meli,225259194,65,46,47,12,0,13,16
It'll Be Okay,Shawn Mendes,287201015,40,7,29,62,0,9,3
Softcore,The Neighbourhood,599770206,57,36,58,5,0,15,3
Super Gremlin,Kodak Black,342779426,83,11,41,0,0,36,14
Todo De Ti,Rauw Alejandro,1168642797,81,57,63,40,1,10,4
Smokin Out The Window,"Bruno Mars, Anderson .Paak, Silk Sonic",383550148,63,85,62,6,0,35,4
Meet Me At Our Spot,"THE ANXIETY, Willow, Tyler Cole",530511203,77,40,47,2,0,9,3
Every Angel is Terrifying,The Weeknd,37307967,44,52,94,11,0,4,29
Tacones Rojos,Sebastian Yatra,510876816,75,93,86,8,0,14,3
Peaches (feat. Daniel Caesar & Giveon),"Justin Bieber, Daniel Caesar, Giveon",1445941661,63,49,68,38,0,42,18
Dakiti,"Bad Bunny, Jhay Cortez",1763363713,73,14,57,40,0,11,5
Better Days (NEIKED x Mae Muller x Polo G),"NEIKED, Mae Muller, Polo G",421040617,72,67,68,0,0,14,4
Life Goes On,Oliver Tree,501541661,70,57,49,19,0,12,8
Sad Girlz Luv Money Remix (feat. Kali Uchis),"Kali Uchis, Amaarae, Moliy",354065229,86,31,53,43,0,11,6
Butter,BTS,1143647827,79,70,36,0,0,6,11
pushin P (feat. Young Thug),"Young Thug, Future, Gunna",311395144,77,49,42,1,1,13,19
You Right,"Doja Cat, The Weeknd",672656250,83,44,62,2,0,8,6
deja vu,Olivia Rodrigo,1256880657,44,22,60,61,0,42,9
Dynamite,BTS,1692897992,75,74,77,1,0,9,10
TO THE MOON,Jnr Choi,245095641,74,39,65,5,1,11,35
Lost in the Fire,"The Weeknd, Gesaffelstein",686734357,66,18,68,9,0,12,4
Salimo de Noche,"Trueno, Tiago pzk",261414174,67,78,63,29,0,12,5
Volando - Remix,"Sech, Bad Bunny, Mora",610045621,66,63,69,21,0,11,7
Leave The Door Open,"Bruno Mars, Anderson .Paak, Silk Sonic",1115880852,59,72,62,18,0,9,3
The Family Madrigal,"Olga Merediz, Stephanie Beatriz, Encanto - Cast",184937148,59,56,63,12,0,6,36
Phantom Regret by Jim,The Weeknd,31959571,46,23,48,75,30,14,4
Dos Oruguitas,Sebastian Yatra,167076418,42,47,36,76,0,9,5
Freaks,Surf Curse,824420218,35,41,94,0,63,5,5
Acapulco,Jason Derulo,363467642,77,51,79,5,0,16,5
Daddy Issues,The Neighbourhood,1127468248,59,33,52,7,15,12,3
ELEVEN,IVE,247737946,83,59,73,6,0,5,11
DANCE CRIP,Trueno,198883004,86,86,79,11,0,8,9
Miserable Man,David Kushner,124407432,63,31,35,93,0,29,3
happier,Olivia Rodrigo,850608354,39,36,45,81,0,8,13
Praise God,Kanye West,376333030,80,21,55,1,0,26,17
Get Into It (Yuh),Doja Cat,516784627,91,79,66,32,0,9,16
Before You Go,Lewis Capaldi,1608045237,45,19,60,63,0,9,6
Sky,Playboi Carti,506778838,79,56,91,26,0,13,21
Rolling in the Deep,Adele,1472799873,73,52,76,13,0,5,3
Sobrio,Maluma,513643924,76,63,77,14,0,15,22
Peru,"Ed Sheeran, Fireboy DML",261286503,96,71,42,57,0,8,9
favorite crime,Olivia Rodrigo,783706581,40,19,29,86,0,34,4
positions,Ariana Grande,1252563873,73,66,80,44,0,9,12
The Feels,TWICE,345903614,81,92,90,9,0,8,7
HEARTBREAK ANNIVERSARY,Giveon,951637566,61,59,46,56,0,13,5
No Lie,"Sean Paul, Dua Lipa",956865266,74,45,89,5,0,26,13
OUT OUT (feat. Charli XCX & Saweetie),"Charli XCX, Jax Jones, Joel Corry, Saweetie",427486004,79,79,84,2,0,5,5
Pope Is a Rockstar,SALES,156658366,73,31,45,85,24,11,3
Bored,Billie Eilish,777765388,60,11,33,90,0,8,5
Happier Than Ever - Edit,Billie Eilish,412795151,45,12,57,7,0,23,3
Astronaut In The Ocean,Masked Wolf,1138474110,78,47,70,18,0,15,9
Ley Seca,"Anuel Aa, Jhay Cortez",355219175,76,58,84,10,0,13,10
Every Summertime,NIKI,290228626,63,76,67,38,0,6,4
Talking To The Moon,Bruno Mars,1062956628,52,7,61,51,0,11,3
you broke me first,Tate McRae,1180094974,64,8,37,79,0,9,5
The Nights,Avicii,1456081449,53,66,85,2,0,24,4
Take My Breath,The Weeknd,432702334,75,53,74,2,0,11,5
Enemy - from the series Arcane League of Legends,"Imagine Dragons, League of Legends, Arcane",1223481149,73,54,74,23,0,41,23
Dance Monkey,Tones and I,2864791672,82,54,59,69,0,18,10
Lucid Dreams,Juice WRLD,2288695111,44,22,48,38,0,33,24
All of Me,John Legend,2086124197,42,33,26,92,0,13,3
Arcade,Duncan Laurence,991336132,45,27,33,82,0,14,4
Fair Trade (with Travis Scott),"Drake, Travis Scott",593917618,67,29,47,5,0,22,26
Bar,"Tini, L-Gante",200972675,52,68,69,13,0,33,8
The Rumbling (TV Size),SiM,71014967,41,65,88,0,0,26,5
family ties (with Kendrick Lamar),"Kendrick Lamar, Baby Keem",560222750,71,14,61,1,0,23,33
Mr. Brightside,The Killers,1806617704,35,24,93,0,0,10,8
Blessed-Cursed,ENHYPEN,77337771,60,40,89,9,0,60,6
AM Remix,"J Balvin, Nio Garcia, Bad Bunny",528544703,74,79,66,11,0,8,16
Streets,Doja Cat,865640097,75,19,46,21,4,34,8
Shallow,"Lady Gaga, Bradley Cooper",2159346687,57,30,40,38,0,26,3
Polaroid Love,ENHYPEN,211372494,74,65,67,46,0,36,4
Leave Before You Love Me (with Jonas Brothers),"Marshmello, Jonas Brothers",651732901,72,67,72,0,0,13,4
Permission to Dance,BTS,608334048,70,65,74,1,0,34,4
Friday (feat. Mufasa & Hypeman) - Dopamine Re-Edit,"Riton, Nightcrawlers, Mufasa & Hypeman, Dopamine",863756573,82,80,86,1,0,30,13
RAPSTAR,Polo G,797402345,79,44,54,41,0,13,24
'Till I Collapse,"Eminem, Nate Dogg",1695712020,55,10,85,7,0,8,20
MAMIII,"Karol G, Becky G",716591492,84,90,70,9,0,14,8
Still D.R.E.,"Dr. Dre, Snoop Dogg",1210599487,81,53,78,18,0,6,24
Stay Alive (Prod. SUGA of BTS),Jung Kook,246376690,51,50,76,30,0,10,7
Boyfriend,Dove Cameron,496311364,35,23,61,23,0,19,6
The Joker And The Queen (feat. Taylor Swift),"Ed Sheeran, Taylor Swift",146789379,53,31,31,92,0,28,3
The Next Episode,"Dr. Dre, Snoop Dogg",843309044,92,31,89,3,0,8,25
Light Switch,Charlie Puth,500340342,69,91,63,11,0,9,31
City of Gods,"Kanye West, Alicia Keys, Fivio Foreign",107255472,47,50,80,10,0,32,38
Brividi,"Mahmood, Blanco",135079152,52,44,60,40,0,26,3
Lost,Frank Ocean,822239726,91,49,61,3,0,17,22
she's all i wanna be,Tate McRae,343197054,61,65,64,1,0,12,4
All For Us - from the HBO Original Series Euphoria,"Labrinth, Zendaya",426204830,37,17,67,2,0,34,9
Notion,The Rare Occasions,421135627,31,30,88,7,0,8,8
Formula,Labrinth,554875730,57,23,66,4,6,15,4
Mount Everest,Labrinth,467727006,46,43,43,23,8,8,22
Excuses,"Intense, AP Dhillon, Gurinder Gill",327498031,84,49,72,8,0,15,8
Cigarettes,Juice WRLD,185408548,60,47,62,3,0,38,4
Forgot About Dre,"Eminem, Dr. Dre",675039469,93,61,74,9,0,17,8
Down Under (feat. Colin Hay),"Luude, Colin Hay",252871192,31,4,86,1,0,28,17
Mujeriego,Ryan Castro,231996128,76,92,62,6,0,8,13
HUMBLE.,Kendrick Lamar,1929770265,91,42,60,0,0,9,12
Stan,"Eminem, Dido",918915401,78,53,74,4,0,45,21
Swim,Chase Atlantic,498960285,67,8,54,27,0,8,4
A Tu Merced,Bad Bunny,685071800,86,89,79,17,0,11,6
Numb Little Bug,Em Beihold,258714692,74,61,52,30,0,26,9
Bussin,"Nicki Minaj, Lil Baby",64714573,89,75,70,6,0,13,5
Worst Day,Future,50746620,65,60,60,11,0,10,40
Hrs and Hrs,Muni Long,181328253,51,66,53,60,0,11,18
Alien Blues,Vundabar,370068639,47,44,76,8,91,9,3
Thinking Out Loud,Ed Sheeran,2280566092,78,58,45,47,0,18,3
Still Don't Know My Name,Labrinth,563902868,31,31,63,47,27,21,12
Christmas Tree,V,317622165,44,18,38,70,0,12,4
When I R.I.P.,Labrinth,203680270,39,45,55,73,0,9,21
Forever,Labrinth,282883169,56,19,46,92,72,11,3
Gospel (with Eminem),"Eminem, Dr. Dre",64787943,92,62,86,11,0,24,24
NEW MAGIC WAND,"Tyler, The Creator",461437791,62,46,73,10,0,67,11
Adore You,Harry Styles,1439191367,68,57,77,2,0,10,5
La Santa,"Daddy Yankee, Bad Bunny",759208783,74,59,87,3,0,8,5
Sweetest Pie,"Dua Lipa, Megan Thee Stallion",299634472,81,68,63,17,0,10,22
Bam Bam (feat. Ed Sheeran),"Camila Cabello, Ed Sheeran",756907987,76,96,70,18,0,33,4
Envolver,Anitta,546191065,81,40,73,15,0,9,8
Starlight,Dave,229473310,95,36,37,35,0,10,28
Hati-Hati di Jalan,Tulus,202677468,64,76,44,70,9,12,4
Yo Voy (feat. Daddy Yankee),Zion & Lennox,527033089,81,56,70,4,0,5,24
Jordan,Ryan Castro,394030335,80,71,68,6,0,10,37
Nail Tech,Jack Harlow,193443895,65,11,58,0,0,12,9
DARARI,Treasure,182978249,72,55,64,49,0,7,4
Ya No Somos Ni Seremos,Christian Nodal,319757142,59,73,45,44,0,34,3
Thinking with My Dick,"Kevin Gates, Juicy J",109091573,77,68,70,6,0,17,20
Freaky Deaky,"Tyga, Doja Cat",153240879,80,24,65,2,0,9,4
this is what falling in love feels like,JVKE,346127840,42,33,44,62,0,8,6
La Zona,Bad Bunny,312622938,76,81,80,20,0,25,4
Hope,XXXTENTACION,1200808494,59,23,46,66,0,15,6
Levitating,Dua Lipa,797196073,69,90,88,5,0,29,8
Wake Me Up - Radio Edit,Avicii,1970673297,53,66,78,0,0,16,5
"jealousy, jealousy",Olivia Rodrigo,665765558,70,71,58,24,0,7,13
Demasiadas Mujeres,C. Tangana,339473453,67,37,46,13,0,10,39
Something Just Like This,"The Chainsmokers, Coldplay",2204080728,61,47,65,3,0,17,4
Closer,"The Chainsmokers, Halsey",2591224264,75,64,52,41,0,11,3
O.O,NMIXX,135444283,39,28,77,4,0,6,29
Somebody That I Used To Know,"Gotye, Kimbra",1457139296,86,75,52,54,0,10,4
Tom's Diner,"AnnenMayKantereit, Giant Rooks",236872197,68,33,43,38,0,36,14
First Class,Jack Harlow,694525298,91,32,56,3,0,11,10
Plan A,Paulo Londra,240661097,58,56,83,5,0,7,4
Fuera del mercado,Danny Ocean,421365166,45,27,67,32,0,13,14
When You're Gone,Shawn Mendes,255120451,60,58,69,2,0,58,4
In My Head,Lil Tjay,190981339,68,41,55,16,0,10,12
LOVE DIVE,IVE,305771063,70,54,71,0,0,33,4
Pantysito,"Feid, Alejo, Robi",273005485,83,63,74,14,0,16,6
Chance,Paulo Londra,89566512,72,22,46,24,0,9,6
Cool for the Summer,Demi Lovato,677389855,59,30,62,1,0,8,4
psychofreak (feat. WILLOW),"Camila Cabello, Willow",75476209,63,45,64,34,0,9,8
Angel Baby,Troye Sivan,408843328,56,41,57,1,0,13,3
Si Quieren Frontear,"De La Ghetto, Duki, Quevedo",178512385,79,48,84,13,0,21,23
Right On,Lil Baby,101780047,70,22,61,2,0,10,34
That's Hilarious,Charlie Puth,146363130,71,55,44,74,0,11,6
Soy El Unico,Yahritza Y Su Esencia,126443991,71,63,45,45,0,11,3
Falling,Harry Styles,1023187129,57,6,27,84,0,9,3
Sigue,"Ed Sheeran, J Balvin",106933107,89,59,64,5,0,19,7
Fim de Semana no Rio,teto,139193812,87,28,50,12,0,10,10
MANIAC,Stray Kids,212234990,58,71,80,15,0,7,41
There's Nothing Holdin' Me Back,Shawn Mendes,1714490998,86,97,80,36,0,9,6
IDGAF (with blackbear),"Blackbear, BoyWithUke",197643795,78,83,75,41,0,27,8
Golden,Harry Styles,807015863,45,25,84,21,0,13,6
Get Lucky - Radio Edit,"Pharrell Williams, Nile Rodgers, Daft Punk",933815613,79,87,81,4,0,10,4
Ain't Shit,Doja Cat,499710590,86,62,49,51,0,35,21
Still Life,BIGBANG,53909146,68,24,58,44,0,6,3
Photograph,Ed Sheeran,2236667932,61,20,38,61,0,10,5
Love Yourself,Justin Bieber,2123309722,61,53,38,84,0,28,44
About Damn Time,Lizzo,723894473,84,72,74,10,0,34,7
Die Hard,"Kendrick Lamar, Blxst, Amanda Reifer",237351106,78,40,74,36,0,17,27
Un Ratito,Bad Bunny,417230415,79,22,55,31,0,12,5
United In Grief,Kendrick Lamar,156898322,52,32,83,24,0,17,43
Father Time (feat. Sampha),"Kendrick Lamar, Sampha",127309180,55,50,78,19,0,11,35
Yo No Soy Celoso,Bad Bunny,313113297,87,93,59,28,0,17,5
Rich Spirit,Kendrick Lamar,173702135,85,41,43,39,0,12,21
Cooped Up (with Roddy Ricch),"Post Malone, Roddy Ricch",271666301,50,39,78,4,0,11,33
Me Fui de Vacaciones,Bad Bunny,305650299,71,43,65,23,0,9,5
Silent Hill,"Kendrick Lamar, Kodak Black",123216717,92,78,57,46,0,14,9
La Corriente,"Tony Dize, Bad Bunny",479655659,66,58,79,23,0,22,20
Count Me Out,Kendrick Lamar,126191104,78,51,43,69,0,14,9
Andrea,"Buscabulla, Bad Bunny",344055883,80,45,62,76,0,10,38
We Cry Together,"Kendrick Lamar, Taylour Paige",68895644,65,52,69,31,0,8,36
Savior,"Kendrick Lamar, Sam Dew, Baby Keem",86176890,61,66,71,53,0,32,46
Un Coco,Bad Bunny,403231558,84,74,69,21,0,18,6
Worldwide Steppers,Kendrick Lamar,61739839,56,56,47,76,0,8,36
Aguacero,Bad Bunny,283359161,86,67,65,42,0,35,7
Purple Hearts,"Kendrick Lamar, Ghostface Killah, Summer Walker",76831876,57,71,82,19,0,15,29
Un Verano Sin Ti,Bad Bunny,283332261,50,41,50,69,0,12,6
ULTRA SOLO,"Polima WestCoast, Pailita",307752576,80,26,85,23,0,11,21
Callaita,"Bad Bunny, Tainy",1304313953,61,24,62,60,0,24,31
Dua Lipa,Jack Harlow,150500965,83,41,65,0,10,11,8
Agosto,Bad Bunny,246127838,85,72,58,9,0,49,12
Mr. Morale,"Kendrick Lamar, Tanna Leone",58687425,73,26,54,30,0,34,32
That That (prod. & feat. SUGA of BTS),"PSY, Suga",212109195,91,91,96,3,0,3,9
In The Stars,Benson Boone,382199619,36,30,54,34,0,14,5
Rich - Interlude,Kendrick Lamar,41210087,44,74,42,88,0,9,9
Stefania (Kalush Orchestra),KALUSH,53729194,83,32,82,14,0,12,4
Thousand Miles,The Kid Laroi,244741137,38,20,66,9,0,9,8
Crown,Kendrick Lamar,42485571,37,14,24,80,0,11,4
Auntie Diaries,Kendrick Lamar,37778188,43,60,38,76,1,48,38
PUFFIN ON ZOOTIEZ,Future,254218729,88,28,66,6,0,13,31
Mirror,Kendrick Lamar,53603447,66,29,65,23,0,8,7
Beautiful Girl,Luciano,160035717,84,61,42,31,0,9,9
Savior - Interlude,Kendrick Lamar,37091576,66,83,43,84,0,19,19
Pasoori,"Shae Gill, Ali Sethi",284249832,71,67,60,7,0,6,4
Mother I Sober (feat. Beth Gibbons of Portishead),"Kendrick Lamar, Beth Gibbons",33381454,49,50,37,87,0,11,35
I Tried to Tell Y'all,"Ugly Dray, Tesla Jnr",121077868,71,37,52,62,0,11,36
Honest (feat. Don Toliver),"Justin Bieber, Don Toliver",106919680,82,82,66,13,0,11,6
ZOOM,Jessi,136996305,87,46,60,1,0,13,16
SloMo,Chanel,65719930,73,59,81,13,0,9,6
FEARLESS,LE SSERAFIM,229497852,86,43,62,5,0,13,14
SPACE MAN,Sam Ryder,54682594,47,33,83,18,0,10,5
With you,"HA SUNG WOON, Jimin",240580042,53,14,43,64,0,13,3
Iris,The Goo Goo Dolls,1284942608,32,49,72,0,0,9,4
San Lucas,Kevin Kaarl,244891912,58,27,36,86,0,9,3
Good Looking,Suki Waterhouse,184706613,37,27,56,8,0,13,3
Flowers,Lauren Spencer Smith,184826429,70,31,44,84,0,9,39
Yet To Come,BTS,302006641,56,68,89,4,0,33,19
Run BTS,BTS,330881149,72,70,82,2,0,4,17
Music For a Sushi Restaurant,Harry Styles,334733572,72,36,72,26,6,11,4
Matilda,Harry Styles,366214458,51,39,29,90,0,10,4
For Youth,BTS,114546317,63,29,51,43,0,25,4
Daylight,Harry Styles,290833204,69,63,45,48,0,18,4
Vegas (From the Original Motion Picture Soundtrack ELVIS),Doja Cat,448500832,80,74,60,8,0,14,26
Potion (with Dua Lipa & Young Thug),"Calvin Harris, Dua Lipa, Young Thug",190625045,82,76,70,16,0,8,5
Born Singer,BTS,79095270,60,68,84,4,0,24,11
Little Freak,Harry Styles,273194684,56,40,54,72,0,10,4
True Love,"Kanye West, XXXTENTACION",194902696,71,39,86,2,0,51,25
Satellite,Harry Styles,311482393,58,30,46,14,0,9,3
Pass The Dutchie,Musical Youth,195918494,73,88,67,20,0,32,5
Love Of My Life,Harry Styles,233671263,56,20,54,67,0,6,5
Grapejuice,Harry Styles,199587884,65,88,72,36,14,20,3
So Good,Halsey,91781263,63,29,62,4,0,18,4
Belly Dancer,"BYOR, Imanbek",383835984,85,42,80,6,0,17,14
Keep Driving,Harry Styles,236060709,72,90,48,32,0,18,23
Cinema,Harry Styles,189236868,83,90,64,35,5,9,4
Only Love Can Hurt Like This,Paloma Faith,588955257,57,30,89,10,0,33,8
Hold My Hand,Lady Gaga,238350348,51,21,63,5,0,41,3
Daydreaming,Harry Styles,187703102,71,90,81,31,2,13,3
Numb,"Marshmello, Khalid",295307001,91,63,77,12,1,10,5
Nos Comemos (feat. Ozuna),"Ozuna, Tiago pzk",138334433,83,56,82,10,0,9,5
Me and Your Mama,Childish Gambino,445590495,56,25,45,1,3,7,3
Crazy What Love Can Do,"David Guetta, Ella Henderson, Becky Hill",286739476,60,46,71,3,0,16,4
SLOW DANCING IN THE DARK,Joji,1122364376,52,28,48,54,1,19,3
Antes de Perderte,Duki,157136970,81,61,93,49,0,12,11
Boyfriends,Harry Styles,137070925,42,32,20,94,0,11,4
Tak Ingin Usai,Keisya Levronka,184807630,49,14,40,82,0,11,3
En El Radio Un Cochinero,Victor Cibrian,164856284,70,97,62,47,0,10,4
Master of Puppets (Remastered),Metallica,704171068,54,59,83,0,44,20,4
ULTRA SOLO REMIX,"De La Ghetto, Feid, Polima WestCoast, Paloma Mami, Pailita",279717388,91,59,82,8,0,6,8
Massive,Drake,195628667,51,5,68,12,2,15,6
Betty (Get Money),Yung Gravy,221752937,73,62,75,0,0,34,8
Ojos Marrones,Lasso,263280370,81,72,65,4,0,14,4
MORE,j-hope,155795783,78,31,72,1,0,11,4
Sweet Child O' Mine,Guns N' Roses,1553497987,45,67,90,9,11,10,5
Last Last,Burna Boy,293466523,80,55,56,13,0,8,9
SNAP,Rosa Linn,711366595,56,52,64,11,0,45,7
Sticky,Drake,191448892,88,8,49,9,0,9,14
Hot Shit (feat. Ye & Lil Durk),"Kanye West, Lil Durk, Cardi B",85924992,88,52,69,0,0,8,23
La Loto,"Anitta, Tini, Becky G",121189256,85,80,83,10,0,8,11
die first,Nessa Barrett,131746175,44,44,67,7,0,12,13
Afraid To Feel,LF System,244790012,58,68,91,2,0,27,11
Baile no Morro,"Mc Vitin Da Igrejinha, MC Tairon, DJ Win",129314708,71,78,40,46,0,7,45
Bad Decisions (with BTS & Snoop Dogg),"Snoop Dogg, BTS, Benny Blanco",219196651,77,94,87,2,0,23,12
STAYING ALIVE (feat. Drake & Lil Baby),"Drake, DJ Khaled, Lil Baby",170732845,72,18,46,7,0,28,8
Caile,Luar La L,273914335,70,46,76,30,0,9,45
GIVENCHY,Duki,185236961,61,38,62,14,0,23,40
Mary On A Cross,Ghost,387080183,47,56,90,0,0,10,4
Attention,NewJeans,264717480,81,70,65,24,0,8,4
THE SHADE,Rex Orange County,244928911,90,73,51,39,0,9,6
El Rescate,"Grupo Marca Registrada, Junior H",287278853,79,64,59,28,0,11,14
Heartless,Kanye West,887906111,79,66,65,5,0,25,14
"Stay With Me (with Justin Timberlake, Halsey, & Pharrell)","Calvin Harris, Halsey, Pharrell Williams, Justin Timberlake",123473120,81,90,73,28,0,29,4
Siempre Pendientes,"Peso Pluma, Luis R Conriquez",295152154,77,71,75,33,1,13,4
JGL,"Luis R Conriquez, La Adictiva",323455692,70,97,59,55,0,27,12
Don't You Worry,"David Guetta, Shakira, Black Eyed Peas",240918092,82,49,88,20,0,21,3
Pipoco,"Melody, Ana Castela, Dj Chris No Beat",191873381,77,74,74,47,0,34,8
Hold Me Closer,"Elton John, Britney Spears",284216603,67,49,77,11,0,19,11
Forget Me,Lewis Capaldi,239411309,67,72,74,30,0,36,4
After LIKE,IVE,265548837,68,80,92,10,0,9,12
B.O.T.A. (Baddest Of Them All) - Edit,"Interplanetary Criminal, Eliza Rose",244585109,74,71,89,24,61,15,5
Talk that Talk,TWICE,189476119,77,78,91,14,0,33,12
BILLIE EILISH.,Armani White,277132266,90,75,50,11,0,9,26
KU LO SA - A COLORS SHOW,Oxlade,222410722,65,79,66,31,0,22,7
Prohibidox,Feid,185392587,65,52,80,5,0,6,25
Static,Steve Lacy,202452860,34,22,31,43,63,10,7
The Scientist,Coldplay,1608164312,56,21,44,73,0,11,2
Sparks,Coldplay,624101957,37,17,27,75,5,10,3
Talk,YEAT,148461629,70,26,76,8,0,54,23
Selfish,PnB Rock,380319238,64,4,60,11,0,19,4
Lady Mi Amor,Feid,53987404,78,75,62,6,0,15,6
Poland,Lil Yachty,115331792,70,26,56,14,83,11,5
Bye Bye,"Marshmello, Juice WRLD",84697729,65,24,53,6,0,51,4
BABY OTAKU,"Fran C, Polima WestCoast, Nickoog Clk, Pablito Pesadilla",159240673,84,43,75,5,0,6,8
Nxde,(G)I-DLE,170709584,73,65,91,4,0,48,18
Miss You,Southstar,154356956,66,24,58,17,0,19,5
we fell in love in october,girl in red,723043854,57,24,37,11,18,16,3
Celestial,Ed Sheeran,176474912,57,50,85,5,0,16,4
Typa Girl,BLACKPINK,235549288,92,53,62,7,0,63,10
I Really Want to Stay at Your House,"Rosa Walton, Hallie Coggins",140430339,49,13,74,0,0,9,4
California Breeze,Lil Baby,85559365,74,22,67,0,0,11,46
Casei Com a Putaria,"MC Ryan SP, Love Funk, Mc Paiva ZS",187701588,59,62,60,12,0,5,44
Vigilante Shit,Taylor Swift,253650850,80,16,28,17,0,12,39
Mastermind,Taylor Swift,218320587,66,12,35,55,0,9,14
Labyrinth,Taylor Swift,187339835,48,15,31,80,22,12,4
Sweet Nothing,Taylor Swift,186104310,34,39,16,97,0,12,5
"Would've, Could've, Should've",Taylor Swift,177503916,48,55,84,43,0,15,12
Con La Brisa,"Ludwig Goransson, Foudeqush",71095708,62,25,44,51,33,14,3
The Astronaut,Jin,203436468,54,22,76,0,0,14,3
BackOutsideBoyz,Drake,93367537,85,40,43,4,0,39,32
The Great War,Taylor Swift,181382590,57,55,74,22,0,8,4
My Mind & Me,Selena Gomez,91473363,60,24,39,57,0,8,3
Bigger Than The Whole Sky,Taylor Swift,121871870,42,7,24,83,1,12,6
A Veces (feat. Feid),"Feid, Paulo Londra",73513683,80,81,67,4,0,8,6
En La De Ella,"Feid, Sech, Jhayco",133895612,82,67,77,8,0,12,5
Alone,Burna Boy,96007391,61,32,67,15,0,11,5
